nome;parametro;valor
avermelha;Area;20922
avermelha;nKt;6
avermelha;Kt2;0
avermelha;Kt1;0.079
avermelha;Kt0;0.506
avermelha;Kt-1;0.004
avermelha;Kt-2;0
avermelha;Kt-3;0.411
avermelha;Kt-4;0
avermelha;Kt-5;0
avermelha;Kt-6;0
avermelha;Kt-7;0
avermelha;Kt-8;0
avermelha;Kt-9;0
avermelha;Kt-10;0
avermelha;Kt-11;0
avermelha;Kt-12;0
avermelha;Kt-13;0
avermelha;Kt-14;0
avermelha;Kt-15;0
avermelha;Kt-16;0
avermelha;Kt-17;0
avermelha;Kt-18;0
avermelha;Kt-19;0
avermelha;Kt-20;0
avermelha;Kt-21;0
avermelha;Kt-22;0
avermelha;Kt-23;0
avermelha;Kt-24;0
avermelha;Kt-25;0
avermelha;Kt-26;0
avermelha;Kt-27;0
avermelha;Kt-28;0
avermelha;Kt-29;0
avermelha;Kt-30;0
avermelha;Kt-31;0
avermelha;Kt-32;0
avermelha;Kt-33;0
avermelha;Kt-34;0
avermelha;Kt-35;0
avermelha;Kt-36;0
avermelha;Kt-37;0
avermelha;Kt-38;0
avermelha;Kt-39;0
avermelha;Kt-40;0
avermelha;Kt-41;0
avermelha;Kt-42;0
avermelha;Kt-43;0
avermelha;Kt-44;0
avermelha;Kt-45;0
avermelha;Kt-46;0
avermelha;Kt-47;0
avermelha;Kt-48;0
avermelha;Kt-49;0
avermelha;Kt-50;0
avermelha;Kt-51;0
avermelha;Kt-52;0
avermelha;Kt-53;0
avermelha;Kt-54;0
avermelha;Kt-55;0
avermelha;Kt-56;0
avermelha;Kt-57;0
avermelha;Kt-58;0
avermelha;Kt-59;0
avermelha;Kt-60;0
avermelha;Str;143
avermelha;K2t;6
avermelha;Crec;9.62
avermelha;Ai;1
avermelha;Capc;13
avermelha;K_kt;145
avermelha;K2t2;10
avermelha;H1;200
avermelha;H;200
avermelha;K3t;10
avermelha;K1t;10
avermelha;Ecof;1.5
avermelha;Pcof;1
avermelha;Ecof2;0
avermelha;ktMin;2
avermelha;ktMax;1
